filename	bytes	url
A_WT_LA_IGO_14361_16_S60_L003_R1_001.fastq.gz	504168504	https://ftp.sra.ebi.ac.uk/vol1/run/ERR141/ERR14161321/A_WT_LA_IGO_14361_16_S60_L003_R1_001.fastq.gz
A_WT_LA_IGO_14361_16_S60_L003_R2_001.fastq.gz	527483140	https://ftp.sra.ebi.ac.uk/vol1/run/ERR141/ERR14161321/A_WT_LA_IGO_14361_16_S60_L003_R2_001.fastq.gz
A_WT_LA_IGO_14361_16_S60_L004_R1_001.fastq.gz	505160130	https://ftp.sra.ebi.ac.uk/vol1/run/ERR141/ERR14161322/A_WT_LA_IGO_14361_16_S60_L004_R1_001.fastq.gz
A_WT_LA_IGO_14361_16_S60_L004_R2_001.fastq.gz	524228689	https://ftp.sra.ebi.ac.uk/vol1/run/ERR141/ERR14161322/A_WT_LA_IGO_14361_16_S60_L004_R2_001.fastq.gz
A_WT_T_IGO_14361_1_S10_L001_R1_001.fastq.gz	238727792	https://ftp.sra.ebi.ac.uk/vol1/run/ERR141/ERR14161215/A_WT_T_IGO_14361_1_S10_L001_R1_001.fastq.gz
A_WT_T_IGO_14361_1_S10_L001_R2_001.fastq.gz	511212737	https://ftp.sra.ebi.ac.uk/vol1/run/ERR141/ERR14161215/A_WT_T_IGO_14361_1_S10_L001_R2_001.fastq.gz
A_WT_T_IGO_14361_1_S10_L002_R1_001.fastq.gz	237758524	https://ftp.sra.ebi.ac.uk/vol1/run/ERR141/ERR14161216/A_WT_T_IGO_14361_1_S10_L002_R1_001.fastq.gz
A_WT_T_IGO_14361_1_S10_L002_R2_001.fastq.gz	509916225	https://ftp.sra.ebi.ac.uk/vol1/run/ERR141/ERR14161216/A_WT_T_IGO_14361_1_S10_L002_R2_001.fastq.gz
A_WT_T_IGO_14361_1_S32_L001_R1_001.fastq.gz	1261601968	https://ftp.sra.ebi.ac.uk/vol1/run/ERR141/ERR14161217/A_WT_T_IGO_14361_1_S32_L001_R1_001.fastq.gz
A_WT_T_IGO_14361_1_S32_L001_R2_001.fastq.gz	2848789802	https://ftp.sra.ebi.ac.uk/vol1/run/ERR141/ERR14161217/A_WT_T_IGO_14361_1_S32_L001_R2_001.fastq.gz
A_WT_T_IGO_14361_1_S32_L002_R1_001.fastq.gz	1237642495	https://ftp.sra.ebi.ac.uk/vol1/run/ERR141/ERR14161218/A_WT_T_IGO_14361_1_S32_L002_R1_001.fastq.gz
A_WT_T_IGO_14361_1_S32_L002_R2_001.fastq.gz	2795501708	https://ftp.sra.ebi.ac.uk/vol1/run/ERR141/ERR14161218/A_WT_T_IGO_14361_1_S32_L002_R2_001.fastq.gz
A_WT_T_IGO_14361_B_1_S2_L001_R1_001.fastq.gz	1913908852	https://ftp.sra.ebi.ac.uk/vol1/run/ERR141/ERR14161219/A_WT_T_IGO_14361_B_1_S2_L001_R1_001.fastq.gz
A_WT_T_IGO_14361_B_1_S2_L001_R2_001.fastq.gz	4165319308	https://ftp.sra.ebi.ac.uk/vol1/run/ERR141/ERR14161219/A_WT_T_IGO_14361_B_1_S2_L001_R2_001.fastq.gz
A_WT_T_IGO_14361_B_1_S2_L002_R1_001.fastq.gz	1934060816	https://ftp.sra.ebi.ac.uk/vol1/run/ERR141/ERR14161220/A_WT_T_IGO_14361_B_1_S2_L002_R1_001.fastq.gz
A_WT_T_IGO_14361_B_1_S2_L002_R2_001.fastq.gz	4207663712	https://ftp.sra.ebi.ac.uk/vol1/run/ERR141/ERR14161220/A_WT_T_IGO_14361_B_1_S2_L002_R2_001.fastq.gz
A_WT_T_IGO_14361_B_1_S2_L003_R1_001.fastq.gz	1937023457	https://ftp.sra.ebi.ac.uk/vol1/run/ERR141/ERR14161221/A_WT_T_IGO_14361_B_1_S2_L003_R1_001.fastq.gz
A_WT_T_IGO_14361_B_1_S2_L003_R2_001.fastq.gz	4206243458	https://ftp.sra.ebi.ac.uk/vol1/run/ERR141/ERR14161221/A_WT_T_IGO_14361_B_1_S2_L003_R2_001.fastq.gz
B_WT_LA_IGO_14361_17_S61_L003_R1_001.fastq.gz	453183046	https://ftp.sra.ebi.ac.uk/vol1/run/ERR141/ERR14161323/B_WT_LA_IGO_14361_17_S61_L003_R1_001.fastq.gz
B_WT_LA_IGO_14361_17_S61_L003_R2_001.fastq.gz	483510382	https://ftp.sra.ebi.ac.uk/vol1/run/ERR141/ERR14161323/B_WT_LA_IGO_14361_17_S61_L003_R2_001.fastq.gz
B_WT_LA_IGO_14361_17_S61_L004_R1_001.fastq.gz	454008069	https://ftp.sra.ebi.ac.uk/vol1/run/ERR141/ERR14161324/B_WT_LA_IGO_14361_17_S61_L004_R1_001.fastq.gz
B_WT_LA_IGO_14361_17_S61_L004_R2_001.fastq.gz	480345012	https://ftp.sra.ebi.ac.uk/vol1/run/ERR141/ERR14161324/B_WT_LA_IGO_14361_17_S61_L004_R2_001.fastq.gz
B_WT_T_IGO_14361_2_S11_L001_R1_001.fastq.gz	240887858	https://ftp.sra.ebi.ac.uk/vol1/run/ERR141/ERR14161222/B_WT_T_IGO_14361_2_S11_L001_R1_001.fastq.gz
B_WT_T_IGO_14361_2_S11_L001_R2_001.fastq.gz	520265559	https://ftp.sra.ebi.ac.uk/vol1/run/ERR141/ERR14161222/B_WT_T_IGO_14361_2_S11_L001_R2_001.fastq.gz
B_WT_T_IGO_14361_2_S11_L002_R1_001.fastq.gz	242197742	https://ftp.sra.ebi.ac.uk/vol1/run/ERR141/ERR14161223/B_WT_T_IGO_14361_2_S11_L002_R1_001.fastq.gz
B_WT_T_IGO_14361_2_S11_L002_R2_001.fastq.gz	523922078	https://ftp.sra.ebi.ac.uk/vol1/run/ERR141/ERR14161223/B_WT_T_IGO_14361_2_S11_L002_R2_001.fastq.gz
B_WT_T_IGO_14361_2_S33_L001_R1_001.fastq.gz	1246066168	https://ftp.sra.ebi.ac.uk/vol1/run/ERR141/ERR14161224/B_WT_T_IGO_14361_2_S33_L001_R1_001.fastq.gz
B_WT_T_IGO_14361_2_S33_L001_R2_001.fastq.gz	2833099937	https://ftp.sra.ebi.ac.uk/vol1/run/ERR141/ERR14161224/B_WT_T_IGO_14361_2_S33_L001_R2_001.fastq.gz
B_WT_T_IGO_14361_2_S33_L002_R1_001.fastq.gz	1221857339	https://ftp.sra.ebi.ac.uk/vol1/run/ERR141/ERR14161225/B_WT_T_IGO_14361_2_S33_L002_R1_001.fastq.gz
B_WT_T_IGO_14361_2_S33_L002_R2_001.fastq.gz	2776793089	https://ftp.sra.ebi.ac.uk/vol1/run/ERR141/ERR14161225/B_WT_T_IGO_14361_2_S33_L002_R2_001.fastq.gz
B_WT_T_IGO_14361_B_2_S3_L001_R1_001.fastq.gz	1672441809	https://ftp.sra.ebi.ac.uk/vol1/run/ERR141/ERR14161226/B_WT_T_IGO_14361_B_2_S3_L001_R1_001.fastq.gz
B_WT_T_IGO_14361_B_2_S3_L001_R2_001.fastq.gz	3661113755	https://ftp.sra.ebi.ac.uk/vol1/run/ERR141/ERR14161226/B_WT_T_IGO_14361_B_2_S3_L001_R2_001.fastq.gz
B_WT_T_IGO_14361_B_2_S3_L002_R1_001.fastq.gz	1773956659	https://ftp.sra.ebi.ac.uk/vol1/run/ERR141/ERR14161227/B_WT_T_IGO_14361_B_2_S3_L002_R1_001.fastq.gz
B_WT_T_IGO_14361_B_2_S3_L002_R2_001.fastq.gz	3883699061	https://ftp.sra.ebi.ac.uk/vol1/run/ERR141/ERR14161227/B_WT_T_IGO_14361_B_2_S3_L002_R2_001.fastq.gz
B_WT_T_IGO_14361_B_2_S3_L003_R1_001.fastq.gz	1764513615	https://ftp.sra.ebi.ac.uk/vol1/run/ERR141/ERR14161228/B_WT_T_IGO_14361_B_2_S3_L003_R1_001.fastq.gz
B_WT_T_IGO_14361_B_2_S3_L003_R2_001.fastq.gz	3855474559	https://ftp.sra.ebi.ac.uk/vol1/run/ERR141/ERR14161228/B_WT_T_IGO_14361_B_2_S3_L003_R2_001.fastq.gz
C_WT_LA_IGO_14361_18_S62_L003_R1_001.fastq.gz	409718489	https://ftp.sra.ebi.ac.uk/vol1/run/ERR141/ERR14161325/C_WT_LA_IGO_14361_18_S62_L003_R1_001.fastq.gz
C_WT_LA_IGO_14361_18_S62_L003_R2_001.fastq.gz	428167189	https://ftp.sra.ebi.ac.uk/vol1/run/ERR141/ERR14161325/C_WT_LA_IGO_14361_18_S62_L003_R2_001.fastq.gz
C_WT_LA_IGO_14361_18_S62_L004_R1_001.fastq.gz	410146019	https://ftp.sra.ebi.ac.uk/vol1/run/ERR141/ERR14161326/C_WT_LA_IGO_14361_18_S62_L004_R1_001.fastq.gz
C_WT_LA_IGO_14361_18_S62_L004_R2_001.fastq.gz	425028918	https://ftp.sra.ebi.ac.uk/vol1/run/ERR141/ERR14161326/C_WT_LA_IGO_14361_18_S62_L004_R2_001.fastq.gz
C_WT_T_IGO_14361_3_S12_L001_R1_001.fastq.gz	370471557	https://ftp.sra.ebi.ac.uk/vol1/run/ERR141/ERR14161229/C_WT_T_IGO_14361_3_S12_L001_R1_001.fastq.gz
C_WT_T_IGO_14361_3_S12_L001_R2_001.fastq.gz	808649059	https://ftp.sra.ebi.ac.uk/vol1/run/ERR141/ERR14161229/C_WT_T_IGO_14361_3_S12_L001_R2_001.fastq.gz
C_WT_T_IGO_14361_3_S12_L002_R1_001.fastq.gz	370742401	https://ftp.sra.ebi.ac.uk/vol1/run/ERR141/ERR14161230/C_WT_T_IGO_14361_3_S12_L002_R1_001.fastq.gz
C_WT_T_IGO_14361_3_S12_L002_R2_001.fastq.gz	810895769	https://ftp.sra.ebi.ac.uk/vol1/run/ERR141/ERR14161230/C_WT_T_IGO_14361_3_S12_L002_R2_001.fastq.gz
C_WT_T_IGO_14361_3_S19_L001_R1_001.fastq.gz	1136314793	https://ftp.sra.ebi.ac.uk/vol1/run/ERR141/ERR14161231/C_WT_T_IGO_14361_3_S19_L001_R1_001.fastq.gz
C_WT_T_IGO_14361_3_S19_L001_R2_001.fastq.gz	2595865453	https://ftp.sra.ebi.ac.uk/vol1/run/ERR141/ERR14161231/C_WT_T_IGO_14361_3_S19_L001_R2_001.fastq.gz
C_WT_T_IGO_14361_3_S19_L002_R1_001.fastq.gz	1111617409	https://ftp.sra.ebi.ac.uk/vol1/run/ERR141/ERR14161232/C_WT_T_IGO_14361_3_S19_L002_R1_001.fastq.gz
C_WT_T_IGO_14361_3_S19_L002_R2_001.fastq.gz	2536411427	https://ftp.sra.ebi.ac.uk/vol1/run/ERR141/ERR14161232/C_WT_T_IGO_14361_3_S19_L002_R2_001.fastq.gz
C_WT_T_IGO_14361_B_3_S4_L001_R1_001.fastq.gz	2407467333	https://ftp.sra.ebi.ac.uk/vol1/run/ERR141/ERR14161233/C_WT_T_IGO_14361_B_3_S4_L001_R1_001.fastq.gz
C_WT_T_IGO_14361_B_3_S4_L001_R2_001.fastq.gz	5332279889	https://ftp.sra.ebi.ac.uk/vol1/run/ERR141/ERR14161233/C_WT_T_IGO_14361_B_3_S4_L001_R2_001.fastq.gz
C_WT_T_IGO_14361_B_3_S4_L002_R1_001.fastq.gz	2539222291	https://ftp.sra.ebi.ac.uk/vol1/run/ERR141/ERR14161234/C_WT_T_IGO_14361_B_3_S4_L002_R1_001.fastq.gz
C_WT_T_IGO_14361_B_3_S4_L002_R2_001.fastq.gz	5627715080	https://ftp.sra.ebi.ac.uk/vol1/run/ERR141/ERR14161234/C_WT_T_IGO_14361_B_3_S4_L002_R2_001.fastq.gz
C_WT_T_IGO_14361_B_3_S4_L003_R1_001.fastq.gz	2517142272	https://ftp.sra.ebi.ac.uk/vol1/run/ERR141/ERR14161235/C_WT_T_IGO_14361_B_3_S4_L003_R1_001.fastq.gz
C_WT_T_IGO_14361_B_3_S4_L003_R2_001.fastq.gz	5568651965	https://ftp.sra.ebi.ac.uk/vol1/run/ERR141/ERR14161235/C_WT_T_IGO_14361_B_3_S4_L003_R2_001.fastq.gz
D_WT_LA_IGO_14361_19_S63_L003_R1_001.fastq.gz	440976312	https://ftp.sra.ebi.ac.uk/vol1/run/ERR141/ERR14161327/D_WT_LA_IGO_14361_19_S63_L003_R1_001.fastq.gz
D_WT_LA_IGO_14361_19_S63_L003_R2_001.fastq.gz	469862813	https://ftp.sra.ebi.ac.uk/vol1/run/ERR141/ERR14161327/D_WT_LA_IGO_14361_19_S63_L003_R2_001.fastq.gz
D_WT_LA_IGO_14361_19_S63_L004_R1_001.fastq.gz	441823205	https://ftp.sra.ebi.ac.uk/vol1/run/ERR141/ERR14161328/D_WT_LA_IGO_14361_19_S63_L004_R1_001.fastq.gz
D_WT_LA_IGO_14361_19_S63_L004_R2_001.fastq.gz	467084557	https://ftp.sra.ebi.ac.uk/vol1/run/ERR141/ERR14161328/D_WT_LA_IGO_14361_19_S63_L004_R2_001.fastq.gz
D_WT_T_IGO_14361_4_S13_L001_R1_001.fastq.gz	423026119	https://ftp.sra.ebi.ac.uk/vol1/run/ERR141/ERR14161236/D_WT_T_IGO_14361_4_S13_L001_R1_001.fastq.gz
D_WT_T_IGO_14361_4_S13_L001_R2_001.fastq.gz	905108186	https://ftp.sra.ebi.ac.uk/vol1/run/ERR141/ERR14161236/D_WT_T_IGO_14361_4_S13_L001_R2_001.fastq.gz
D_WT_T_IGO_14361_4_S13_L002_R1_001.fastq.gz	419705793	https://ftp.sra.ebi.ac.uk/vol1/run/ERR141/ERR14161237/D_WT_T_IGO_14361_4_S13_L002_R1_001.fastq.gz
D_WT_T_IGO_14361_4_S13_L002_R2_001.fastq.gz	899437227	https://ftp.sra.ebi.ac.uk/vol1/run/ERR141/ERR14161237/D_WT_T_IGO_14361_4_S13_L002_R2_001.fastq.gz
D_WT_T_IGO_14361_4_S34_L001_R1_001.fastq.gz	1107827558	https://ftp.sra.ebi.ac.uk/vol1/run/ERR141/ERR14161238/D_WT_T_IGO_14361_4_S34_L001_R1_001.fastq.gz
D_WT_T_IGO_14361_4_S34_L001_R2_001.fastq.gz	2495020356	https://ftp.sra.ebi.ac.uk/vol1/run/ERR141/ERR14161238/D_WT_T_IGO_14361_4_S34_L001_R2_001.fastq.gz
D_WT_T_IGO_14361_4_S34_L002_R1_001.fastq.gz	1082128351	https://ftp.sra.ebi.ac.uk/vol1/run/ERR141/ERR14161239/D_WT_T_IGO_14361_4_S34_L002_R1_001.fastq.gz
D_WT_T_IGO_14361_4_S34_L002_R2_001.fastq.gz	2439083935	https://ftp.sra.ebi.ac.uk/vol1/run/ERR141/ERR14161239/D_WT_T_IGO_14361_4_S34_L002_R2_001.fastq.gz
D_WT_T_IGO_14361_B_4_S34_L001_R1_001.fastq.gz	370350784	https://ftp.sra.ebi.ac.uk/vol1/run/ERR141/ERR14161243/D_WT_T_IGO_14361_B_4_S34_L001_R1_001.fastq.gz
D_WT_T_IGO_14361_B_4_S34_L001_R2_001.fastq.gz	812045286	https://ftp.sra.ebi.ac.uk/vol1/run/ERR141/ERR14161243/D_WT_T_IGO_14361_B_4_S34_L001_R2_001.fastq.gz
D_WT_T_IGO_14361_B_4_S34_L002_R1_001.fastq.gz	369570362	https://ftp.sra.ebi.ac.uk/vol1/run/ERR141/ERR14161244/D_WT_T_IGO_14361_B_4_S34_L002_R1_001.fastq.gz
D_WT_T_IGO_14361_B_4_S34_L002_R2_001.fastq.gz	812644674	https://ftp.sra.ebi.ac.uk/vol1/run/ERR141/ERR14161244/D_WT_T_IGO_14361_B_4_S34_L002_R2_001.fastq.gz
D_WT_T_IGO_14361_B_4_S5_L001_R1_001.fastq.gz	3145057231	https://ftp.sra.ebi.ac.uk/vol1/run/ERR141/ERR14161240/D_WT_T_IGO_14361_B_4_S5_L001_R1_001.fastq.gz
D_WT_T_IGO_14361_B_4_S5_L001_R2_001.fastq.gz	6843856172	https://ftp.sra.ebi.ac.uk/vol1/run/ERR141/ERR14161240/D_WT_T_IGO_14361_B_4_S5_L001_R2_001.fastq.gz
D_WT_T_IGO_14361_B_4_S5_L002_R1_001.fastq.gz	3159104215	https://ftp.sra.ebi.ac.uk/vol1/run/ERR141/ERR14161241/D_WT_T_IGO_14361_B_4_S5_L002_R1_001.fastq.gz
D_WT_T_IGO_14361_B_4_S5_L002_R2_001.fastq.gz	6871395910	https://ftp.sra.ebi.ac.uk/vol1/run/ERR141/ERR14161241/D_WT_T_IGO_14361_B_4_S5_L002_R2_001.fastq.gz
D_WT_T_IGO_14361_B_4_S5_L003_R1_001.fastq.gz	3156318726	https://ftp.sra.ebi.ac.uk/vol1/run/ERR141/ERR14161242/D_WT_T_IGO_14361_B_4_S5_L003_R1_001.fastq.gz
D_WT_T_IGO_14361_B_4_S5_L003_R2_001.fastq.gz	6849937826	https://ftp.sra.ebi.ac.uk/vol1/run/ERR141/ERR14161242/D_WT_T_IGO_14361_B_4_S5_L003_R2_001.fastq.gz
E_WT_1_T_IGO_14361_5_S14_L001_R1_001.fastq.gz	320324199	https://ftp.sra.ebi.ac.uk/vol1/run/ERR141/ERR14161245/E_WT_1_T_IGO_14361_5_S14_L001_R1_001.fastq.gz
E_WT_1_T_IGO_14361_5_S14_L001_R2_001.fastq.gz	691593101	https://ftp.sra.ebi.ac.uk/vol1/run/ERR141/ERR14161245/E_WT_1_T_IGO_14361_5_S14_L001_R2_001.fastq.gz
E_WT_1_T_IGO_14361_5_S14_L002_R1_001.fastq.gz	319746035	https://ftp.sra.ebi.ac.uk/vol1/run/ERR141/ERR14161246/E_WT_1_T_IGO_14361_5_S14_L002_R1_001.fastq.gz
E_WT_1_T_IGO_14361_5_S14_L002_R2_001.fastq.gz	691583160	https://ftp.sra.ebi.ac.uk/vol1/run/ERR141/ERR14161246/E_WT_1_T_IGO_14361_5_S14_L002_R2_001.fastq.gz
E_WT_1_T_IGO_14361_5_S35_L001_R1_001.fastq.gz	1192159240	https://ftp.sra.ebi.ac.uk/vol1/run/ERR141/ERR14161247/E_WT_1_T_IGO_14361_5_S35_L001_R1_001.fastq.gz
E_WT_1_T_IGO_14361_5_S35_L001_R2_001.fastq.gz	2700313579	https://ftp.sra.ebi.ac.uk/vol1/run/ERR141/ERR14161247/E_WT_1_T_IGO_14361_5_S35_L001_R2_001.fastq.gz
E_WT_1_T_IGO_14361_5_S35_L002_R1_001.fastq.gz	1167415414	https://ftp.sra.ebi.ac.uk/vol1/run/ERR141/ERR14161248/E_WT_1_T_IGO_14361_5_S35_L002_R1_001.fastq.gz
E_WT_1_T_IGO_14361_5_S35_L002_R2_001.fastq.gz	2642923106	https://ftp.sra.ebi.ac.uk/vol1/run/ERR141/ERR14161248/E_WT_1_T_IGO_14361_5_S35_L002_R2_001.fastq.gz
E_WT_1_T_IGO_14361_B_5_S6_L001_R1_001.fastq.gz	1695915369	https://ftp.sra.ebi.ac.uk/vol1/run/ERR141/ERR14161249/E_WT_1_T_IGO_14361_B_5_S6_L001_R1_001.fastq.gz
E_WT_1_T_IGO_14361_B_5_S6_L001_R2_001.fastq.gz	3704399066	https://ftp.sra.ebi.ac.uk/vol1/run/ERR141/ERR14161249/E_WT_1_T_IGO_14361_B_5_S6_L001_R2_001.fastq.gz
E_WT_1_T_IGO_14361_B_5_S6_L002_R1_001.fastq.gz	1741344982	https://ftp.sra.ebi.ac.uk/vol1/run/ERR141/ERR14161250/E_WT_1_T_IGO_14361_B_5_S6_L002_R1_001.fastq.gz
E_WT_1_T_IGO_14361_B_5_S6_L002_R2_001.fastq.gz	3802240468	https://ftp.sra.ebi.ac.uk/vol1/run/ERR141/ERR14161250/E_WT_1_T_IGO_14361_B_5_S6_L002_R2_001.fastq.gz
E_WT_1_T_IGO_14361_B_5_S6_L003_R1_001.fastq.gz	1737211680	https://ftp.sra.ebi.ac.uk/vol1/run/ERR141/ERR14161251/E_WT_1_T_IGO_14361_B_5_S6_L003_R1_001.fastq.gz
E_WT_1_T_IGO_14361_B_5_S6_L003_R2_001.fastq.gz	3788457298	https://ftp.sra.ebi.ac.uk/vol1/run/ERR141/ERR14161251/E_WT_1_T_IGO_14361_B_5_S6_L003_R2_001.fastq.gz
E_WT_2_T_IGO_14361_15_S22_L001_R1_001.fastq.gz	163544306	https://ftp.sra.ebi.ac.uk/vol1/run/ERR141/ERR14161252/E_WT_2_T_IGO_14361_15_S22_L001_R1_001.fastq.gz
E_WT_2_T_IGO_14361_15_S22_L001_R2_001.fastq.gz	352924184	https://ftp.sra.ebi.ac.uk/vol1/run/ERR141/ERR14161252/E_WT_2_T_IGO_14361_15_S22_L001_R2_001.fastq.gz
E_WT_2_T_IGO_14361_15_S22_L002_R1_001.fastq.gz	162288826	https://ftp.sra.ebi.ac.uk/vol1/run/ERR141/ERR14161253/E_WT_2_T_IGO_14361_15_S22_L002_R1_001.fastq.gz
E_WT_2_T_IGO_14361_15_S22_L002_R2_001.fastq.gz	350832930	https://ftp.sra.ebi.ac.uk/vol1/run/ERR141/ERR14161253/E_WT_2_T_IGO_14361_15_S22_L002_R2_001.fastq.gz
E_WT_2_T_IGO_14361_15_S59_L003_R1_001.fastq.gz	1303652105	https://ftp.sra.ebi.ac.uk/vol1/run/ERR141/ERR14161254/E_WT_2_T_IGO_14361_15_S59_L003_R1_001.fastq.gz
E_WT_2_T_IGO_14361_15_S59_L003_R2_001.fastq.gz	2935572576	https://ftp.sra.ebi.ac.uk/vol1/run/ERR141/ERR14161254/E_WT_2_T_IGO_14361_15_S59_L003_R2_001.fastq.gz
E_WT_2_T_IGO_14361_15_S59_L004_R1_001.fastq.gz	1304230499	https://ftp.sra.ebi.ac.uk/vol1/run/ERR141/ERR14161255/E_WT_2_T_IGO_14361_15_S59_L004_R1_001.fastq.gz
E_WT_2_T_IGO_14361_15_S59_L004_R2_001.fastq.gz	2925009134	https://ftp.sra.ebi.ac.uk/vol1/run/ERR141/ERR14161255/E_WT_2_T_IGO_14361_15_S59_L004_R2_001.fastq.gz
E_WT_2_T_IGO_14361_B_15_S15_L001_R1_001.fastq.gz	2374710100	https://ftp.sra.ebi.ac.uk/vol1/run/ERR141/ERR14161256/E_WT_2_T_IGO_14361_B_15_S15_L001_R1_001.fastq.gz
E_WT_2_T_IGO_14361_B_15_S15_L001_R2_001.fastq.gz	5231660137	https://ftp.sra.ebi.ac.uk/vol1/run/ERR141/ERR14161256/E_WT_2_T_IGO_14361_B_15_S15_L001_R2_001.fastq.gz
E_WT_2_T_IGO_14361_B_15_S15_L002_R1_001.fastq.gz	2396667767	https://ftp.sra.ebi.ac.uk/vol1/run/ERR141/ERR14161257/E_WT_2_T_IGO_14361_B_15_S15_L002_R1_001.fastq.gz
E_WT_2_T_IGO_14361_B_15_S15_L002_R2_001.fastq.gz	5279365489	https://ftp.sra.ebi.ac.uk/vol1/run/ERR141/ERR14161257/E_WT_2_T_IGO_14361_B_15_S15_L002_R2_001.fastq.gz
E_WT_2_T_IGO_14361_B_15_S15_L003_R1_001.fastq.gz	2384507697	https://ftp.sra.ebi.ac.uk/vol1/run/ERR141/ERR14161258/E_WT_2_T_IGO_14361_B_15_S15_L003_R1_001.fastq.gz
E_WT_2_T_IGO_14361_B_15_S15_L003_R2_001.fastq.gz	5244515755	https://ftp.sra.ebi.ac.uk/vol1/run/ERR141/ERR14161258/E_WT_2_T_IGO_14361_B_15_S15_L003_R2_001.fastq.gz
E_WT_LA_IGO_14361_20_S64_L003_R1_001.fastq.gz	440118188	https://ftp.sra.ebi.ac.uk/vol1/run/ERR141/ERR14161329/E_WT_LA_IGO_14361_20_S64_L003_R1_001.fastq.gz
E_WT_LA_IGO_14361_20_S64_L003_R2_001.fastq.gz	469735031	https://ftp.sra.ebi.ac.uk/vol1/run/ERR141/ERR14161329/E_WT_LA_IGO_14361_20_S64_L003_R2_001.fastq.gz
E_WT_LA_IGO_14361_20_S64_L004_R1_001.fastq.gz	440203605	https://ftp.sra.ebi.ac.uk/vol1/run/ERR141/ERR14161330/E_WT_LA_IGO_14361_20_S64_L004_R1_001.fastq.gz
E_WT_LA_IGO_14361_20_S64_L004_R2_001.fastq.gz	467045504	https://ftp.sra.ebi.ac.uk/vol1/run/ERR141/ERR14161330/E_WT_LA_IGO_14361_20_S64_L004_R2_001.fastq.gz
F_WT_LA_IGO_14361_21_S65_L003_R1_001.fastq.gz	476287184	https://ftp.sra.ebi.ac.uk/vol1/run/ERR141/ERR14161331/F_WT_LA_IGO_14361_21_S65_L003_R1_001.fastq.gz
F_WT_LA_IGO_14361_21_S65_L003_R2_001.fastq.gz	495359098	https://ftp.sra.ebi.ac.uk/vol1/run/ERR141/ERR14161331/F_WT_LA_IGO_14361_21_S65_L003_R2_001.fastq.gz
F_WT_LA_IGO_14361_21_S65_L004_R1_001.fastq.gz	476961143	https://ftp.sra.ebi.ac.uk/vol1/run/ERR141/ERR14161332/F_WT_LA_IGO_14361_21_S65_L004_R1_001.fastq.gz
F_WT_LA_IGO_14361_21_S65_L004_R2_001.fastq.gz	492743163	https://ftp.sra.ebi.ac.uk/vol1/run/ERR141/ERR14161332/F_WT_LA_IGO_14361_21_S65_L004_R2_001.fastq.gz
F_WT_T_IGO_14361_6_S15_L001_R1_001.fastq.gz	226187457	https://ftp.sra.ebi.ac.uk/vol1/run/ERR141/ERR14161259/F_WT_T_IGO_14361_6_S15_L001_R1_001.fastq.gz
F_WT_T_IGO_14361_6_S15_L001_R2_001.fastq.gz	485516830	https://ftp.sra.ebi.ac.uk/vol1/run/ERR141/ERR14161259/F_WT_T_IGO_14361_6_S15_L001_R2_001.fastq.gz
F_WT_T_IGO_14361_6_S15_L002_R1_001.fastq.gz	225208557	https://ftp.sra.ebi.ac.uk/vol1/run/ERR141/ERR14161260/F_WT_T_IGO_14361_6_S15_L002_R1_001.fastq.gz
F_WT_T_IGO_14361_6_S15_L002_R2_001.fastq.gz	484325530	https://ftp.sra.ebi.ac.uk/vol1/run/ERR141/ERR14161260/F_WT_T_IGO_14361_6_S15_L002_R2_001.fastq.gz
F_WT_T_IGO_14361_6_S58_L003_R1_001.fastq.gz	1258804824	https://ftp.sra.ebi.ac.uk/vol1/run/ERR141/ERR14161261/F_WT_T_IGO_14361_6_S58_L003_R1_001.fastq.gz
F_WT_T_IGO_14361_6_S58_L003_R2_001.fastq.gz	2813672534	https://ftp.sra.ebi.ac.uk/vol1/run/ERR141/ERR14161261/F_WT_T_IGO_14361_6_S58_L003_R2_001.fastq.gz
F_WT_T_IGO_14361_6_S58_L004_R1_001.fastq.gz	1259407211	https://ftp.sra.ebi.ac.uk/vol1/run/ERR141/ERR14161262/F_WT_T_IGO_14361_6_S58_L004_R1_001.fastq.gz
F_WT_T_IGO_14361_6_S58_L004_R2_001.fastq.gz	2802157894	https://ftp.sra.ebi.ac.uk/vol1/run/ERR141/ERR14161262/F_WT_T_IGO_14361_6_S58_L004_R2_001.fastq.gz
F_WT_T_IGO_14361_B_6_S17_L001_R1_001.fastq.gz	782460472	https://ftp.sra.ebi.ac.uk/vol1/run/ERR141/ERR14161266/F_WT_T_IGO_14361_B_6_S17_L001_R1_001.fastq.gz
F_WT_T_IGO_14361_B_6_S17_L001_R2_001.fastq.gz	1739002374	https://ftp.sra.ebi.ac.uk/vol1/run/ERR141/ERR14161266/F_WT_T_IGO_14361_B_6_S17_L001_R2_001.fastq.gz
F_WT_T_IGO_14361_B_6_S17_L002_R1_001.fastq.gz	776257054	https://ftp.sra.ebi.ac.uk/vol1/run/ERR141/ERR14161267/F_WT_T_IGO_14361_B_6_S17_L002_R1_001.fastq.gz
F_WT_T_IGO_14361_B_6_S17_L002_R2_001.fastq.gz	1731010192	https://ftp.sra.ebi.ac.uk/vol1/run/ERR141/ERR14161267/F_WT_T_IGO_14361_B_6_S17_L002_R2_001.fastq.gz
F_WT_T_IGO_14361_B_6_S7_L001_R1_001.fastq.gz	2790193233	https://ftp.sra.ebi.ac.uk/vol1/run/ERR141/ERR14161263/F_WT_T_IGO_14361_B_6_S7_L001_R1_001.fastq.gz
F_WT_T_IGO_14361_B_6_S7_L001_R2_001.fastq.gz	6132883652	https://ftp.sra.ebi.ac.uk/vol1/run/ERR141/ERR14161263/F_WT_T_IGO_14361_B_6_S7_L001_R2_001.fastq.gz
F_WT_T_IGO_14361_B_6_S7_L002_R1_001.fastq.gz	2907292401	https://ftp.sra.ebi.ac.uk/vol1/run/ERR141/ERR14161264/F_WT_T_IGO_14361_B_6_S7_L002_R1_001.fastq.gz
F_WT_T_IGO_14361_B_6_S7_L002_R2_001.fastq.gz	6392043051	https://ftp.sra.ebi.ac.uk/vol1/run/ERR141/ERR14161264/F_WT_T_IGO_14361_B_6_S7_L002_R2_001.fastq.gz
F_WT_T_IGO_14361_B_6_S7_L003_R1_001.fastq.gz	2886498242	https://ftp.sra.ebi.ac.uk/vol1/run/ERR141/ERR14161265/F_WT_T_IGO_14361_B_6_S7_L003_R1_001.fastq.gz
F_WT_T_IGO_14361_B_6_S7_L003_R2_001.fastq.gz	6328383484	https://ftp.sra.ebi.ac.uk/vol1/run/ERR141/ERR14161265/F_WT_T_IGO_14361_B_6_S7_L003_R2_001.fastq.gz
G_ESC_1_LA_IGO_14361_22_S66_L003_R1_001.fastq.gz	389952747	https://ftp.sra.ebi.ac.uk/vol1/run/ERR141/ERR14161333/G_ESC_1_LA_IGO_14361_22_S66_L003_R1_001.fastq.gz
G_ESC_1_LA_IGO_14361_22_S66_L003_R2_001.fastq.gz	575776096	https://ftp.sra.ebi.ac.uk/vol1/run/ERR141/ERR14161333/G_ESC_1_LA_IGO_14361_22_S66_L003_R2_001.fastq.gz
G_ESC_1_LA_IGO_14361_22_S66_L004_R1_001.fastq.gz	389690491	https://ftp.sra.ebi.ac.uk/vol1/run/ERR141/ERR14161334/G_ESC_1_LA_IGO_14361_22_S66_L004_R1_001.fastq.gz
G_ESC_1_LA_IGO_14361_22_S66_L004_R2_001.fastq.gz	572840272	https://ftp.sra.ebi.ac.uk/vol1/run/ERR141/ERR14161334/G_ESC_1_LA_IGO_14361_22_S66_L004_R2_001.fastq.gz
G_ESC_1_T_IGO_14361_7_S16_L001_R1_001.fastq.gz	248346183	https://ftp.sra.ebi.ac.uk/vol1/run/ERR141/ERR14161268/G_ESC_1_T_IGO_14361_7_S16_L001_R1_001.fastq.gz
G_ESC_1_T_IGO_14361_7_S16_L001_R2_001.fastq.gz	535684572	https://ftp.sra.ebi.ac.uk/vol1/run/ERR141/ERR14161268/G_ESC_1_T_IGO_14361_7_S16_L001_R2_001.fastq.gz
G_ESC_1_T_IGO_14361_7_S16_L002_R1_001.fastq.gz	247710119	https://ftp.sra.ebi.ac.uk/vol1/run/ERR141/ERR14161269/G_ESC_1_T_IGO_14361_7_S16_L002_R1_001.fastq.gz
G_ESC_1_T_IGO_14361_7_S16_L002_R2_001.fastq.gz	535808698	https://ftp.sra.ebi.ac.uk/vol1/run/ERR141/ERR14161269/G_ESC_1_T_IGO_14361_7_S16_L002_R2_001.fastq.gz
G_ESC_1_T_IGO_14361_7_S46_L003_R1_001.fastq.gz	1244041801	https://ftp.sra.ebi.ac.uk/vol1/run/ERR141/ERR14161270/G_ESC_1_T_IGO_14361_7_S46_L003_R1_001.fastq.gz
G_ESC_1_T_IGO_14361_7_S46_L003_R2_001.fastq.gz	2794971478	https://ftp.sra.ebi.ac.uk/vol1/run/ERR141/ERR14161270/G_ESC_1_T_IGO_14361_7_S46_L003_R2_001.fastq.gz
G_ESC_1_T_IGO_14361_7_S46_L004_R1_001.fastq.gz	1246205914	https://ftp.sra.ebi.ac.uk/vol1/run/ERR141/ERR14161271/G_ESC_1_T_IGO_14361_7_S46_L004_R1_001.fastq.gz
G_ESC_1_T_IGO_14361_7_S46_L004_R2_001.fastq.gz	2786957134	https://ftp.sra.ebi.ac.uk/vol1/run/ERR141/ERR14161271/G_ESC_1_T_IGO_14361_7_S46_L004_R2_001.fastq.gz
G_ESC_1_T_IGO_14361_B_7_S35_L001_R1_001.fastq.gz	253703103	https://ftp.sra.ebi.ac.uk/vol1/run/ERR141/ERR14161275/G_ESC_1_T_IGO_14361_B_7_S35_L001_R1_001.fastq.gz
G_ESC_1_T_IGO_14361_B_7_S35_L001_R2_001.fastq.gz	564885906	https://ftp.sra.ebi.ac.uk/vol1/run/ERR141/ERR14161275/G_ESC_1_T_IGO_14361_B_7_S35_L001_R2_001.fastq.gz
G_ESC_1_T_IGO_14361_B_7_S35_L002_R1_001.fastq.gz	251850452	https://ftp.sra.ebi.ac.uk/vol1/run/ERR141/ERR14161276/G_ESC_1_T_IGO_14361_B_7_S35_L002_R1_001.fastq.gz
G_ESC_1_T_IGO_14361_B_7_S35_L002_R2_001.fastq.gz	562874474	https://ftp.sra.ebi.ac.uk/vol1/run/ERR141/ERR14161276/G_ESC_1_T_IGO_14361_B_7_S35_L002_R2_001.fastq.gz
G_ESC_1_T_IGO_14361_B_7_S8_L001_R1_001.fastq.gz	708277567	https://ftp.sra.ebi.ac.uk/vol1/run/ERR141/ERR14161272/G_ESC_1_T_IGO_14361_B_7_S8_L001_R1_001.fastq.gz
G_ESC_1_T_IGO_14361_B_7_S8_L001_R2_001.fastq.gz	1556843200	https://ftp.sra.ebi.ac.uk/vol1/run/ERR141/ERR14161272/G_ESC_1_T_IGO_14361_B_7_S8_L001_R2_001.fastq.gz
G_ESC_1_T_IGO_14361_B_7_S8_L002_R1_001.fastq.gz	743056032	https://ftp.sra.ebi.ac.uk/vol1/run/ERR141/ERR14161273/G_ESC_1_T_IGO_14361_B_7_S8_L002_R1_001.fastq.gz
G_ESC_1_T_IGO_14361_B_7_S8_L002_R2_001.fastq.gz	1633796266	https://ftp.sra.ebi.ac.uk/vol1/run/ERR141/ERR14161273/G_ESC_1_T_IGO_14361_B_7_S8_L002_R2_001.fastq.gz
G_ESC_1_T_IGO_14361_B_7_S8_L003_R1_001.fastq.gz	733793992	https://ftp.sra.ebi.ac.uk/vol1/run/ERR141/ERR14161274/G_ESC_1_T_IGO_14361_B_7_S8_L003_R1_001.fastq.gz
G_ESC_1_T_IGO_14361_B_7_S8_L003_R2_001.fastq.gz	1609389738	https://ftp.sra.ebi.ac.uk/vol1/run/ERR141/ERR14161274/G_ESC_1_T_IGO_14361_B_7_S8_L003_R2_001.fastq.gz
G_ESC_2_LA_IGO_14361_29_S73_L003_R1_001.fastq.gz	419429207	https://ftp.sra.ebi.ac.uk/vol1/run/ERR141/ERR14161335/G_ESC_2_LA_IGO_14361_29_S73_L003_R1_001.fastq.gz
G_ESC_2_LA_IGO_14361_29_S73_L003_R2_001.fastq.gz	636599453	https://ftp.sra.ebi.ac.uk/vol1/run/ERR141/ERR14161335/G_ESC_2_LA_IGO_14361_29_S73_L003_R2_001.fastq.gz
G_ESC_2_LA_IGO_14361_29_S73_L004_R1_001.fastq.gz	420267240	https://ftp.sra.ebi.ac.uk/vol1/run/ERR141/ERR14161336/G_ESC_2_LA_IGO_14361_29_S73_L004_R1_001.fastq.gz
G_ESC_2_LA_IGO_14361_29_S73_L004_R2_001.fastq.gz	634673274	https://ftp.sra.ebi.ac.uk/vol1/run/ERR141/ERR14161336/G_ESC_2_LA_IGO_14361_29_S73_L004_R2_001.fastq.gz
G_ESC_2_T_IGO_14361_14_S37_L001_R1_001.fastq.gz	1421222619	https://ftp.sra.ebi.ac.uk/vol1/run/ERR141/ERR14161277/G_ESC_2_T_IGO_14361_14_S37_L001_R1_001.fastq.gz
G_ESC_2_T_IGO_14361_14_S37_L001_R2_001.fastq.gz	3257210729	https://ftp.sra.ebi.ac.uk/vol1/run/ERR141/ERR14161277/G_ESC_2_T_IGO_14361_14_S37_L001_R2_001.fastq.gz
G_ESC_2_T_IGO_14361_14_S37_L002_R1_001.fastq.gz	1397013874	https://ftp.sra.ebi.ac.uk/vol1/run/ERR141/ERR14161278/G_ESC_2_T_IGO_14361_14_S37_L002_R1_001.fastq.gz
G_ESC_2_T_IGO_14361_14_S37_L002_R2_001.fastq.gz	3200090739	https://ftp.sra.ebi.ac.uk/vol1/run/ERR141/ERR14161278/G_ESC_2_T_IGO_14361_14_S37_L002_R2_001.fastq.gz
G_ESC_2_T_IGO_14361_B_14_S58_L004_R1_001.fastq.gz	7093286997	https://ftp.sra.ebi.ac.uk/vol1/run/ERR141/ERR14161279/G_ESC_2_T_IGO_14361_B_14_S58_L004_R1_001.fastq.gz
G_ESC_2_T_IGO_14361_B_14_S58_L004_R2_001.fastq.gz	15640187794	https://ftp.sra.ebi.ac.uk/vol1/run/ERR141/ERR14161279/G_ESC_2_T_IGO_14361_B_14_S58_L004_R2_001.fastq.gz
H_DE_LA_IGO_14361_23_S67_L003_R1_001.fastq.gz	471258441	https://ftp.sra.ebi.ac.uk/vol1/run/ERR141/ERR14161337/H_DE_LA_IGO_14361_23_S67_L003_R1_001.fastq.gz
H_DE_LA_IGO_14361_23_S67_L003_R2_001.fastq.gz	690114279	https://ftp.sra.ebi.ac.uk/vol1/run/ERR141/ERR14161337/H_DE_LA_IGO_14361_23_S67_L003_R2_001.fastq.gz
H_DE_LA_IGO_14361_23_S67_L004_R1_001.fastq.gz	472212389	https://ftp.sra.ebi.ac.uk/vol1/run/ERR141/ERR14161338/H_DE_LA_IGO_14361_23_S67_L004_R1_001.fastq.gz
H_DE_LA_IGO_14361_23_S67_L004_R2_001.fastq.gz	687961589	https://ftp.sra.ebi.ac.uk/vol1/run/ERR141/ERR14161338/H_DE_LA_IGO_14361_23_S67_L004_R2_001.fastq.gz
H_DE_T_IGO_14361_8_S17_L001_R1_001.fastq.gz	342292121	https://ftp.sra.ebi.ac.uk/vol1/run/ERR141/ERR14161280/H_DE_T_IGO_14361_8_S17_L001_R1_001.fastq.gz
H_DE_T_IGO_14361_8_S17_L001_R2_001.fastq.gz	735790970	https://ftp.sra.ebi.ac.uk/vol1/run/ERR141/ERR14161280/H_DE_T_IGO_14361_8_S17_L001_R2_001.fastq.gz
H_DE_T_IGO_14361_8_S17_L002_R1_001.fastq.gz	341246455	https://ftp.sra.ebi.ac.uk/vol1/run/ERR141/ERR14161281/H_DE_T_IGO_14361_8_S17_L002_R1_001.fastq.gz
H_DE_T_IGO_14361_8_S17_L002_R2_001.fastq.gz	734757608	https://ftp.sra.ebi.ac.uk/vol1/run/ERR141/ERR14161281/H_DE_T_IGO_14361_8_S17_L002_R2_001.fastq.gz
H_DE_T_IGO_14361_8_S20_L001_R1_001.fastq.gz	1171764532	https://ftp.sra.ebi.ac.uk/vol1/run/ERR141/ERR14161282/H_DE_T_IGO_14361_8_S20_L001_R1_001.fastq.gz
H_DE_T_IGO_14361_8_S20_L001_R2_001.fastq.gz	2651471486	https://ftp.sra.ebi.ac.uk/vol1/run/ERR141/ERR14161282/H_DE_T_IGO_14361_8_S20_L001_R2_001.fastq.gz
H_DE_T_IGO_14361_8_S20_L002_R1_001.fastq.gz	1153506781	https://ftp.sra.ebi.ac.uk/vol1/run/ERR141/ERR14161283/H_DE_T_IGO_14361_8_S20_L002_R1_001.fastq.gz
H_DE_T_IGO_14361_8_S20_L002_R2_001.fastq.gz	2610249453	https://ftp.sra.ebi.ac.uk/vol1/run/ERR141/ERR14161283/H_DE_T_IGO_14361_8_S20_L002_R2_001.fastq.gz
H_DE_T_IGO_14361_B_8_S9_L001_R1_001.fastq.gz	3292605433	https://ftp.sra.ebi.ac.uk/vol1/run/ERR141/ERR14161284/H_DE_T_IGO_14361_B_8_S9_L001_R1_001.fastq.gz
H_DE_T_IGO_14361_B_8_S9_L001_R2_001.fastq.gz	7209746614	https://ftp.sra.ebi.ac.uk/vol1/run/ERR141/ERR14161284/H_DE_T_IGO_14361_B_8_S9_L001_R2_001.fastq.gz
H_DE_T_IGO_14361_B_8_S9_L002_R1_001.fastq.gz	3399455321	https://ftp.sra.ebi.ac.uk/vol1/run/ERR141/ERR14161285/H_DE_T_IGO_14361_B_8_S9_L002_R1_001.fastq.gz
H_DE_T_IGO_14361_B_8_S9_L002_R2_001.fastq.gz	7439855975	https://ftp.sra.ebi.ac.uk/vol1/run/ERR141/ERR14161285/H_DE_T_IGO_14361_B_8_S9_L002_R2_001.fastq.gz
H_DE_T_IGO_14361_B_8_S9_L003_R1_001.fastq.gz	3403456918	https://ftp.sra.ebi.ac.uk/vol1/run/ERR141/ERR14161286/H_DE_T_IGO_14361_B_8_S9_L003_R1_001.fastq.gz
H_DE_T_IGO_14361_B_8_S9_L003_R2_001.fastq.gz	7434476118	https://ftp.sra.ebi.ac.uk/vol1/run/ERR141/ERR14161286/H_DE_T_IGO_14361_B_8_S9_L003_R2_001.fastq.gz
I_PFG_LA_IGO_14361_24_S68_L003_R1_001.fastq.gz	427879638	https://ftp.sra.ebi.ac.uk/vol1/run/ERR141/ERR14161339/I_PFG_LA_IGO_14361_24_S68_L003_R1_001.fastq.gz
I_PFG_LA_IGO_14361_24_S68_L003_R2_001.fastq.gz	598634107	https://ftp.sra.ebi.ac.uk/vol1/run/ERR141/ERR14161339/I_PFG_LA_IGO_14361_24_S68_L003_R2_001.fastq.gz
I_PFG_LA_IGO_14361_24_S68_L004_R1_001.fastq.gz	428247196	https://ftp.sra.ebi.ac.uk/vol1/run/ERR141/ERR14161340/I_PFG_LA_IGO_14361_24_S68_L004_R1_001.fastq.gz
I_PFG_LA_IGO_14361_24_S68_L004_R2_001.fastq.gz	596194559	https://ftp.sra.ebi.ac.uk/vol1/run/ERR141/ERR14161340/I_PFG_LA_IGO_14361_24_S68_L004_R2_001.fastq.gz
I_PFG_T_IGO_14361_9_S18_L001_R1_001.fastq.gz	460801877	https://ftp.sra.ebi.ac.uk/vol1/run/ERR141/ERR14161287/I_PFG_T_IGO_14361_9_S18_L001_R1_001.fastq.gz
I_PFG_T_IGO_14361_9_S18_L001_R2_001.fastq.gz	1006999797	https://ftp.sra.ebi.ac.uk/vol1/run/ERR141/ERR14161287/I_PFG_T_IGO_14361_9_S18_L001_R2_001.fastq.gz
I_PFG_T_IGO_14361_9_S18_L002_R1_001.fastq.gz	456211060	https://ftp.sra.ebi.ac.uk/vol1/run/ERR141/ERR14161288/I_PFG_T_IGO_14361_9_S18_L002_R1_001.fastq.gz
I_PFG_T_IGO_14361_9_S18_L002_R2_001.fastq.gz	998820440	https://ftp.sra.ebi.ac.uk/vol1/run/ERR141/ERR14161288/I_PFG_T_IGO_14361_9_S18_L002_R2_001.fastq.gz
I_PFG_T_IGO_14361_9_S21_L001_R1_001.fastq.gz	1076363738	https://ftp.sra.ebi.ac.uk/vol1/run/ERR141/ERR14161289/I_PFG_T_IGO_14361_9_S21_L001_R1_001.fastq.gz
I_PFG_T_IGO_14361_9_S21_L001_R2_001.fastq.gz	2453965527	https://ftp.sra.ebi.ac.uk/vol1/run/ERR141/ERR14161289/I_PFG_T_IGO_14361_9_S21_L001_R2_001.fastq.gz
I_PFG_T_IGO_14361_9_S21_L002_R1_001.fastq.gz	1052500057	https://ftp.sra.ebi.ac.uk/vol1/run/ERR141/ERR14161290/I_PFG_T_IGO_14361_9_S21_L002_R1_001.fastq.gz
I_PFG_T_IGO_14361_9_S21_L002_R2_001.fastq.gz	2399887530	https://ftp.sra.ebi.ac.uk/vol1/run/ERR141/ERR14161290/I_PFG_T_IGO_14361_9_S21_L002_R2_001.fastq.gz
I_PFG_T_IGO_14361_B_9_S10_L001_R1_001.fastq.gz	4061799732	https://ftp.sra.ebi.ac.uk/vol1/run/ERR141/ERR14161291/I_PFG_T_IGO_14361_B_9_S10_L001_R1_001.fastq.gz
I_PFG_T_IGO_14361_B_9_S10_L001_R2_001.fastq.gz	8998470845	https://ftp.sra.ebi.ac.uk/vol1/run/ERR141/ERR14161291/I_PFG_T_IGO_14361_B_9_S10_L001_R2_001.fastq.gz
I_PFG_T_IGO_14361_B_9_S10_L002_R1_001.fastq.gz	4046138551	https://ftp.sra.ebi.ac.uk/vol1/run/ERR141/ERR14161292/I_PFG_T_IGO_14361_B_9_S10_L002_R1_001.fastq.gz
I_PFG_T_IGO_14361_B_9_S10_L002_R2_001.fastq.gz	8959033251	https://ftp.sra.ebi.ac.uk/vol1/run/ERR141/ERR14161292/I_PFG_T_IGO_14361_B_9_S10_L002_R2_001.fastq.gz
I_PFG_T_IGO_14361_B_9_S10_L003_R1_001.fastq.gz	4046044089	https://ftp.sra.ebi.ac.uk/vol1/run/ERR141/ERR14161293/I_PFG_T_IGO_14361_B_9_S10_L003_R1_001.fastq.gz
I_PFG_T_IGO_14361_B_9_S10_L003_R2_001.fastq.gz	8951988947	https://ftp.sra.ebi.ac.uk/vol1/run/ERR141/ERR14161293/I_PFG_T_IGO_14361_B_9_S10_L003_R2_001.fastq.gz
J_PP_LA_IGO_14361_25_S69_L003_R1_001.fastq.gz	513543991	https://ftp.sra.ebi.ac.uk/vol1/run/ERR141/ERR14161341/J_PP_LA_IGO_14361_25_S69_L003_R1_001.fastq.gz
J_PP_LA_IGO_14361_25_S69_L003_R2_001.fastq.gz	720328298	https://ftp.sra.ebi.ac.uk/vol1/run/ERR141/ERR14161341/J_PP_LA_IGO_14361_25_S69_L003_R2_001.fastq.gz
J_PP_LA_IGO_14361_25_S69_L004_R1_001.fastq.gz	514517751	https://ftp.sra.ebi.ac.uk/vol1/run/ERR141/ERR14161342/J_PP_LA_IGO_14361_25_S69_L004_R1_001.fastq.gz
J_PP_LA_IGO_14361_25_S69_L004_R2_001.fastq.gz	718570469	https://ftp.sra.ebi.ac.uk/vol1/run/ERR141/ERR14161342/J_PP_LA_IGO_14361_25_S69_L004_R2_001.fastq.gz
J_PP_T_IGO_14361_10_S19_L001_R1_001.fastq.gz	458521315	https://ftp.sra.ebi.ac.uk/vol1/run/ERR141/ERR14161294/J_PP_T_IGO_14361_10_S19_L001_R1_001.fastq.gz
J_PP_T_IGO_14361_10_S19_L001_R2_001.fastq.gz	994517458	https://ftp.sra.ebi.ac.uk/vol1/run/ERR141/ERR14161294/J_PP_T_IGO_14361_10_S19_L001_R2_001.fastq.gz
J_PP_T_IGO_14361_10_S19_L002_R1_001.fastq.gz	456515484	https://ftp.sra.ebi.ac.uk/vol1/run/ERR141/ERR14161295/J_PP_T_IGO_14361_10_S19_L002_R1_001.fastq.gz
J_PP_T_IGO_14361_10_S19_L002_R2_001.fastq.gz	992054406	https://ftp.sra.ebi.ac.uk/vol1/run/ERR141/ERR14161295/J_PP_T_IGO_14361_10_S19_L002_R2_001.fastq.gz
J_PP_T_IGO_14361_10_S22_L001_R1_001.fastq.gz	1052306107	https://ftp.sra.ebi.ac.uk/vol1/run/ERR141/ERR14161296/J_PP_T_IGO_14361_10_S22_L001_R1_001.fastq.gz
J_PP_T_IGO_14361_10_S22_L001_R2_001.fastq.gz	2396455598	https://ftp.sra.ebi.ac.uk/vol1/run/ERR141/ERR14161296/J_PP_T_IGO_14361_10_S22_L001_R2_001.fastq.gz
J_PP_T_IGO_14361_10_S22_L002_R1_001.fastq.gz	1028809735	https://ftp.sra.ebi.ac.uk/vol1/run/ERR141/ERR14161297/J_PP_T_IGO_14361_10_S22_L002_R1_001.fastq.gz
J_PP_T_IGO_14361_10_S22_L002_R2_001.fastq.gz	2344185385	https://ftp.sra.ebi.ac.uk/vol1/run/ERR141/ERR14161297/J_PP_T_IGO_14361_10_S22_L002_R2_001.fastq.gz
J_PP_T_IGO_14361_B_10_S11_L001_R1_001.fastq.gz	2268830753	https://ftp.sra.ebi.ac.uk/vol1/run/ERR141/ERR14161298/J_PP_T_IGO_14361_B_10_S11_L001_R1_001.fastq.gz
J_PP_T_IGO_14361_B_10_S11_L001_R2_001.fastq.gz	4980986595	https://ftp.sra.ebi.ac.uk/vol1/run/ERR141/ERR14161298/J_PP_T_IGO_14361_B_10_S11_L001_R2_001.fastq.gz
J_PP_T_IGO_14361_B_10_S11_L002_R1_001.fastq.gz	2314696029	https://ftp.sra.ebi.ac.uk/vol1/run/ERR141/ERR14161299/J_PP_T_IGO_14361_B_10_S11_L002_R1_001.fastq.gz
J_PP_T_IGO_14361_B_10_S11_L002_R2_001.fastq.gz	5082386585	https://ftp.sra.ebi.ac.uk/vol1/run/ERR141/ERR14161299/J_PP_T_IGO_14361_B_10_S11_L002_R2_001.fastq.gz
J_PP_T_IGO_14361_B_10_S11_L003_R1_001.fastq.gz	2313170964	https://ftp.sra.ebi.ac.uk/vol1/run/ERR141/ERR14161300/J_PP_T_IGO_14361_B_10_S11_L003_R1_001.fastq.gz
J_PP_T_IGO_14361_B_10_S11_L003_R2_001.fastq.gz	5066986011	https://ftp.sra.ebi.ac.uk/vol1/run/ERR141/ERR14161300/J_PP_T_IGO_14361_B_10_S11_L003_R2_001.fastq.gz
J_PP_T_IGO_14361_B_10_S36_L001_R1_001.fastq.gz	444566083	https://ftp.sra.ebi.ac.uk/vol1/run/ERR141/ERR14161301/J_PP_T_IGO_14361_B_10_S36_L001_R1_001.fastq.gz
J_PP_T_IGO_14361_B_10_S36_L001_R2_001.fastq.gz	990690837	https://ftp.sra.ebi.ac.uk/vol1/run/ERR141/ERR14161301/J_PP_T_IGO_14361_B_10_S36_L001_R2_001.fastq.gz
J_PP_T_IGO_14361_B_10_S36_L002_R1_001.fastq.gz	442615850	https://ftp.sra.ebi.ac.uk/vol1/run/ERR141/ERR14161302/J_PP_T_IGO_14361_B_10_S36_L002_R1_001.fastq.gz
J_PP_T_IGO_14361_B_10_S36_L002_R2_001.fastq.gz	989375683	https://ftp.sra.ebi.ac.uk/vol1/run/ERR141/ERR14161302/J_PP_T_IGO_14361_B_10_S36_L002_R2_001.fastq.gz
L_3DEC_1_LA_IGO_14361_27_S71_L003_R1_001.fastq.gz	454167063	https://ftp.sra.ebi.ac.uk/vol1/run/ERR141/ERR14161343/L_3DEC_1_LA_IGO_14361_27_S71_L003_R1_001.fastq.gz
L_3DEC_1_LA_IGO_14361_27_S71_L003_R2_001.fastq.gz	614604507	https://ftp.sra.ebi.ac.uk/vol1/run/ERR141/ERR14161343/L_3DEC_1_LA_IGO_14361_27_S71_L003_R2_001.fastq.gz
L_3DEC_1_LA_IGO_14361_27_S71_L004_R1_001.fastq.gz	454447600	https://ftp.sra.ebi.ac.uk/vol1/run/ERR141/ERR14161344/L_3DEC_1_LA_IGO_14361_27_S71_L004_R1_001.fastq.gz
L_3DEC_1_LA_IGO_14361_27_S71_L004_R2_001.fastq.gz	612088062	https://ftp.sra.ebi.ac.uk/vol1/run/ERR141/ERR14161344/L_3DEC_1_LA_IGO_14361_27_S71_L004_R2_001.fastq.gz
L_3DEC_1_T_IGO_14361_12_S20_L001_R1_001.fastq.gz	463994295	https://ftp.sra.ebi.ac.uk/vol1/run/ERR141/ERR14161303/L_3DEC_1_T_IGO_14361_12_S20_L001_R1_001.fastq.gz
L_3DEC_1_T_IGO_14361_12_S20_L001_R2_001.fastq.gz	985504396	https://ftp.sra.ebi.ac.uk/vol1/run/ERR141/ERR14161303/L_3DEC_1_T_IGO_14361_12_S20_L001_R2_001.fastq.gz
L_3DEC_1_T_IGO_14361_12_S20_L002_R1_001.fastq.gz	460470539	https://ftp.sra.ebi.ac.uk/vol1/run/ERR141/ERR14161304/L_3DEC_1_T_IGO_14361_12_S20_L002_R1_001.fastq.gz
L_3DEC_1_T_IGO_14361_12_S20_L002_R2_001.fastq.gz	979886101	https://ftp.sra.ebi.ac.uk/vol1/run/ERR141/ERR14161304/L_3DEC_1_T_IGO_14361_12_S20_L002_R2_001.fastq.gz
L_3DEC_1_T_IGO_14361_12_S36_L001_R1_001.fastq.gz	1102587914	https://ftp.sra.ebi.ac.uk/vol1/run/ERR141/ERR14161305/L_3DEC_1_T_IGO_14361_12_S36_L001_R1_001.fastq.gz
L_3DEC_1_T_IGO_14361_12_S36_L001_R2_001.fastq.gz	2463531483	https://ftp.sra.ebi.ac.uk/vol1/run/ERR141/ERR14161305/L_3DEC_1_T_IGO_14361_12_S36_L001_R2_001.fastq.gz
L_3DEC_1_T_IGO_14361_12_S36_L002_R1_001.fastq.gz	1077646084	https://ftp.sra.ebi.ac.uk/vol1/run/ERR141/ERR14161306/L_3DEC_1_T_IGO_14361_12_S36_L002_R1_001.fastq.gz
L_3DEC_1_T_IGO_14361_12_S36_L002_R2_001.fastq.gz	2407747184	https://ftp.sra.ebi.ac.uk/vol1/run/ERR141/ERR14161306/L_3DEC_1_T_IGO_14361_12_S36_L002_R2_001.fastq.gz
L_3DEC_1_T_IGO_14361_B_12_S13_L001_R1_001.fastq.gz	3134714263	https://ftp.sra.ebi.ac.uk/vol1/run/ERR141/ERR14161307/L_3DEC_1_T_IGO_14361_B_12_S13_L001_R1_001.fastq.gz
L_3DEC_1_T_IGO_14361_B_12_S13_L001_R2_001.fastq.gz	6774829373	https://ftp.sra.ebi.ac.uk/vol1/run/ERR141/ERR14161307/L_3DEC_1_T_IGO_14361_B_12_S13_L001_R2_001.fastq.gz
L_3DEC_1_T_IGO_14361_B_12_S13_L002_R1_001.fastq.gz	3189922756	https://ftp.sra.ebi.ac.uk/vol1/run/ERR141/ERR14161308/L_3DEC_1_T_IGO_14361_B_12_S13_L002_R1_001.fastq.gz
L_3DEC_1_T_IGO_14361_B_12_S13_L002_R2_001.fastq.gz	6889621204	https://ftp.sra.ebi.ac.uk/vol1/run/ERR141/ERR14161308/L_3DEC_1_T_IGO_14361_B_12_S13_L002_R2_001.fastq.gz
L_3DEC_1_T_IGO_14361_B_12_S13_L003_R1_001.fastq.gz	3188117613	https://ftp.sra.ebi.ac.uk/vol1/run/ERR141/ERR14161309/L_3DEC_1_T_IGO_14361_B_12_S13_L003_R1_001.fastq.gz
L_3DEC_1_T_IGO_14361_B_12_S13_L003_R2_001.fastq.gz	6871304640	https://ftp.sra.ebi.ac.uk/vol1/run/ERR141/ERR14161309/L_3DEC_1_T_IGO_14361_B_12_S13_L003_R2_001.fastq.gz
L_3DEC_1_T_IGO_14361_B_12_S37_L001_R1_001.fastq.gz	453546386	https://ftp.sra.ebi.ac.uk/vol1/run/ERR141/ERR14161310/L_3DEC_1_T_IGO_14361_B_12_S37_L001_R1_001.fastq.gz
L_3DEC_1_T_IGO_14361_B_12_S37_L001_R2_001.fastq.gz	986679729	https://ftp.sra.ebi.ac.uk/vol1/run/ERR141/ERR14161310/L_3DEC_1_T_IGO_14361_B_12_S37_L001_R2_001.fastq.gz
L_3DEC_1_T_IGO_14361_B_12_S37_L002_R1_001.fastq.gz	451572691	https://ftp.sra.ebi.ac.uk/vol1/run/ERR141/ERR14161311/L_3DEC_1_T_IGO_14361_B_12_S37_L002_R1_001.fastq.gz
L_3DEC_1_T_IGO_14361_B_12_S37_L002_R2_001.fastq.gz	984695848	https://ftp.sra.ebi.ac.uk/vol1/run/ERR141/ERR14161311/L_3DEC_1_T_IGO_14361_B_12_S37_L002_R2_001.fastq.gz
L_3DEC_2_LA_IGO_14361_28_S72_L003_R1_001.fastq.gz	430609787	https://ftp.sra.ebi.ac.uk/vol1/run/ERR141/ERR14161312/L_3DEC_2_LA_IGO_14361_28_S72_L003_R1_001.fastq.gz
L_3DEC_2_LA_IGO_14361_28_S72_L003_R2_001.fastq.gz	597695773	https://ftp.sra.ebi.ac.uk/vol1/run/ERR141/ERR14161312/L_3DEC_2_LA_IGO_14361_28_S72_L003_R2_001.fastq.gz
L_3DEC_2_LA_IGO_14361_28_S72_L004_R1_001.fastq.gz	431249011	https://ftp.sra.ebi.ac.uk/vol1/run/ERR141/ERR14161313/L_3DEC_2_LA_IGO_14361_28_S72_L004_R1_001.fastq.gz
L_3DEC_2_LA_IGO_14361_28_S72_L004_R2_001.fastq.gz	595052373	https://ftp.sra.ebi.ac.uk/vol1/run/ERR141/ERR14161313/L_3DEC_2_LA_IGO_14361_28_S72_L004_R2_001.fastq.gz
L_3DEC_2_T_IGO_14361_13_S21_L001_R1_001.fastq.gz	187732929	https://ftp.sra.ebi.ac.uk/vol1/run/ERR141/ERR14161314/L_3DEC_2_T_IGO_14361_13_S21_L001_R1_001.fastq.gz
L_3DEC_2_T_IGO_14361_13_S21_L001_R2_001.fastq.gz	407694882	https://ftp.sra.ebi.ac.uk/vol1/run/ERR141/ERR14161314/L_3DEC_2_T_IGO_14361_13_S21_L001_R2_001.fastq.gz
L_3DEC_2_T_IGO_14361_13_S21_L002_R1_001.fastq.gz	186687148	https://ftp.sra.ebi.ac.uk/vol1/run/ERR141/ERR14161315/L_3DEC_2_T_IGO_14361_13_S21_L002_R1_001.fastq.gz
L_3DEC_2_T_IGO_14361_13_S21_L002_R2_001.fastq.gz	406271340	https://ftp.sra.ebi.ac.uk/vol1/run/ERR141/ERR14161315/L_3DEC_2_T_IGO_14361_13_S21_L002_R2_001.fastq.gz
L_3DEC_2_T_IGO_14361_13_S24_L001_R1_001.fastq.gz	1296656864	https://ftp.sra.ebi.ac.uk/vol1/run/ERR141/ERR14161316/L_3DEC_2_T_IGO_14361_13_S24_L001_R1_001.fastq.gz
L_3DEC_2_T_IGO_14361_13_S24_L001_R2_001.fastq.gz	2959803605	https://ftp.sra.ebi.ac.uk/vol1/run/ERR141/ERR14161316/L_3DEC_2_T_IGO_14361_13_S24_L001_R2_001.fastq.gz
L_3DEC_2_T_IGO_14361_13_S24_L002_R1_001.fastq.gz	1269186671	https://ftp.sra.ebi.ac.uk/vol1/run/ERR141/ERR14161317/L_3DEC_2_T_IGO_14361_13_S24_L002_R1_001.fastq.gz
L_3DEC_2_T_IGO_14361_13_S24_L002_R2_001.fastq.gz	2897626626	https://ftp.sra.ebi.ac.uk/vol1/run/ERR141/ERR14161317/L_3DEC_2_T_IGO_14361_13_S24_L002_R2_001.fastq.gz
L_3DEC_2_T_IGO_14361_B_13_S14_L001_R1_001.fastq.gz	2852171196	https://ftp.sra.ebi.ac.uk/vol1/run/ERR141/ERR14161318/L_3DEC_2_T_IGO_14361_B_13_S14_L001_R1_001.fastq.gz
L_3DEC_2_T_IGO_14361_B_13_S14_L001_R2_001.fastq.gz	6308813440	https://ftp.sra.ebi.ac.uk/vol1/run/ERR141/ERR14161318/L_3DEC_2_T_IGO_14361_B_13_S14_L001_R2_001.fastq.gz
L_3DEC_2_T_IGO_14361_B_13_S14_L002_R1_001.fastq.gz	2911366203	https://ftp.sra.ebi.ac.uk/vol1/run/ERR141/ERR14161319/L_3DEC_2_T_IGO_14361_B_13_S14_L002_R1_001.fastq.gz
L_3DEC_2_T_IGO_14361_B_13_S14_L002_R2_001.fastq.gz	6438514836	https://ftp.sra.ebi.ac.uk/vol1/run/ERR141/ERR14161319/L_3DEC_2_T_IGO_14361_B_13_S14_L002_R2_001.fastq.gz
L_3DEC_2_T_IGO_14361_B_13_S14_L003_R1_001.fastq.gz	2918033042	https://ftp.sra.ebi.ac.uk/vol1/run/ERR141/ERR14161320/L_3DEC_2_T_IGO_14361_B_13_S14_L003_R1_001.fastq.gz
L_3DEC_2_T_IGO_14361_B_13_S14_L003_R2_001.fastq.gz	6447506353	https://ftp.sra.ebi.ac.uk/vol1/run/ERR141/ERR14161320/L_3DEC_2_T_IGO_14361_B_13_S14_L003_R2_001.fastq.gz
